mapped_tag,t3_category,t2_category,t1_category
alcohol-alcopops,Alcoholic Drinks and Mixers,,Beverage
alcohol-beer bitter,Alcoholic Drinks and Mixers,,Beverage
alcohol-beer lgr >4.3 abv stgh,Alcoholic Drinks and Mixers,,Beverage
alcohol-beer other beers,Alcoholic Drinks and Mixers,,Beverage
alcohol-beer stout,Alcoholic Drinks and Mixers,,Beverage
alcohol-beer-lgr <4.2 abv stgh,Alcoholic Drinks and Mixers,,Beverage
alcohol-beer-low alcohol,Alcoholic Drinks and Mixers,,Beverage
alcohol-chmpgne/spkl wine/prry,Alcoholic Drinks and Mixers,,Beverage
alcohol-cider-all other types,Alcoholic Drinks and Mixers,,Beverage
alcohol-cider-style/high stgth,Alcoholic Drinks and Mixers,,Beverage
alcohol-gin,Alcoholic Drinks and Mixers,,Beverage
alcohol-othr spirit bsd drnks,Alcoholic Drinks and Mixers,,Beverage
alcohol-othr spirits & liqueur,Alcoholic Drinks and Mixers,,Beverage
alcohol-port/sherry/vermouth,Alcoholic Drinks and Mixers,,Beverage
alcohol-rum,Alcoholic Drinks and Mixers,,Beverage
alcohol-vodka,Alcoholic Drinks and Mixers,,Beverage
alcohol-wine based drinks,Alcoholic Drinks and Mixers,,Beverage
soft drinks-mixers,Alcoholic Drinks and Mixers,,Beverage
soft drinks-shandies,Alcoholic Drinks and Mixers,,Beverage
wine,Alcoholic Drinks and Mixers,,Beverage
biscuits - chocolate bisc bars,Biscuits and Cereal Bars,,Snacks and Desserts
biscuits - chocolate coated,Biscuits and Cereal Bars,,Snacks and Desserts
biscuits - plain+savoury,Biscuits and Cereal Bars,,Snacks and Desserts
biscuits - seasonal,Biscuits and Cereal Bars,,Snacks and Desserts
biscuits - sweet,Biscuits and Cereal Bars,,Snacks and Desserts
cereal bars,Biscuits and Cereal Bars,,Snacks and Desserts
fruit bars,Biscuits and Cereal Bars,,Snacks and Desserts
biscuits - isb cookies,Biscuits and Cereal Bars,,Snacks and Desserts
bread substitutes,Bread & Rolls,,Cereals and Bread
bread - dietary,Bread & Rolls,,Cereals and Bread
bread - loose,Bread & Rolls,,Cereals and Bread
bread - loose rolls,Bread & Rolls,,Cereals and Bread
bread - prepkd(400g+) / spclty,Bread & Rolls,,Cereals and Bread
"bread - rolls, baps+croissants",Bread & Rolls,,Cereals and Bread
breakfast cereals,Breakfast Cereals,,Cereals and Bread
butter,Butter and Margarine,,"Dairy, Eggs, Meat and Plant-based Alternatives"
margarine,Butter and Margarine,,"Dairy, Eggs, Meat and Plant-based Alternatives"
"Butter, Cream & Ghee",Butter and Margarine,,"Dairy, Eggs, Meat and Plant-based Alternatives"
cakes & pastries,Cakes and Pastries,,Snacks and Desserts
toaster pastries,Cakes and Pastries,,Snacks and Desserts
fresh/chilled pastry,Cakes and Pastries,,Snacks and Desserts
buns teacakes and scones,Cakes and Pastries,,Snacks and Desserts
cheese - natural,Cheese,,"Dairy, Eggs, Meat and Plant-based Alternatives"
cheese - processed,Cheese,,"Dairy, Eggs, Meat and Plant-based Alternatives"
cheese-cottage,Cheese,,"Dairy, Eggs, Meat and Plant-based Alternatives"
fromage frais - plain,Cheese,,"Dairy, Eggs, Meat and Plant-based Alternatives"
Cheese,Cheese,,"Dairy, Eggs, Meat and Plant-based Alternatives"
choc conf - other novelties,Chocolate and Confectionery,,Snacks and Desserts
choc conf-bite size,Chocolate and Confectionery,,Snacks and Desserts
choc conf-bite size mini,Chocolate and Confectionery,,Snacks and Desserts
choc conf-bite size multi,Chocolate and Confectionery,,Snacks and Desserts
choc conf-countline chocolate,Chocolate and Confectionery,,Snacks and Desserts
choc conf-countlines mini chc,Chocolate and Confectionery,,Snacks and Desserts
choc conf-countlines multi chc,Chocolate and Confectionery,,Snacks and Desserts
choc conf-creme eggs,Chocolate and Confectionery,,Snacks and Desserts
choc conf-easter eggs,Chocolate and Confectionery,,Snacks and Desserts
choc conf-easter novelties,Chocolate and Confectionery,,Snacks and Desserts
choc conf-mini eggs,Chocolate and Confectionery,,Snacks and Desserts
choc conf-moulded chocolate,Chocolate and Confectionery,,Snacks and Desserts
choc conf-moulded mini chc,Chocolate and Confectionery,,Snacks and Desserts
choc conf-moulded multi chc,Chocolate and Confectionery,,Snacks and Desserts
choc conf-othr assrts/liqueurs,Chocolate and Confectionery,,Snacks and Desserts
choc conf-pralines,Chocolate and Confectionery,,Snacks and Desserts
choc conf-twst wrap assrtmnts,Chocolate and Confectionery,,Snacks and Desserts
choc conf-xms slctn pck/nvlts,Chocolate and Confectionery,,Snacks and Desserts
coffee-beans,Coffee,,Beverage
coffee-instant,Coffee,,Beverage
coffee-liquid & ground,Coffee,,Beverage
Coffee; green,Coffee,,Beverage
bkng ingrdnt+cake dcrtn,Cooking and Baking Ingredients,,Kitchen Accessories
cooking oils,Cooking and Baking Ingredients,,Kitchen Accessories
gravy & stock,Cooking and Baking Ingredients,,Kitchen Accessories
herbs and spices,Cooking and Baking Ingredients,,Kitchen Accessories
lemon and lime juices,Cooking and Baking Ingredients,,Kitchen Accessories
mincemeat(sweet),Cooking and Baking Ingredients,,Kitchen Accessories
salt,Cooking and Baking Ingredients,,Kitchen Accessories
vinegar,Cooking and Baking Ingredients,,Kitchen Accessories
Cinnamon (cannella),Cooking and Baking Ingredients,,Kitchen Accessories
Oil palm fruit,Cooking and Baking Ingredients,,Kitchen Accessories
Rapeseed,Cooking and Baking Ingredients,,Kitchen Accessories
Spices nes,Cooking and Baking Ingredients,,Kitchen Accessories
fruit pie filling-ambient,Cooking and Baking Ingredients,,Kitchen Accessories
cornflour,Cooking and Baking Ingredients,,Kitchen Accessories
flour-bread,Cooking and Baking Ingredients,,Kitchen Accessories
flour-chapati,Cooking and Baking Ingredients,,Kitchen Accessories
home baking,Cooking and Baking Ingredients,,Kitchen Accessories
icing-ready to use,Cooking and Baking Ingredients,,Kitchen Accessories
syrup and treacle,Cooking and Baking Ingredients,,Kitchen Accessories
crisps,"Crisps, Snacks & Popcorn",,Snacks and Desserts
oat cakes,"Crisps, Snacks & Popcorn",,Snacks and Desserts
popcorn - savoury,"Crisps, Snacks & Popcorn",,Snacks and Desserts
popcorn - sweet,"Crisps, Snacks & Popcorn",,Snacks and Desserts
savoury snacks,"Crisps, Snacks & Popcorn",,Snacks and Desserts
instant hot snacks,"Crisps, Snacks & Popcorn",,Snacks and Desserts
custard,Desserts,,Snacks and Desserts
ready to serve desserts,Desserts,,Snacks and Desserts
ambient milk puddings,Desserts,,Snacks and Desserts
ambient sponge puddings,Desserts,,Snacks and Desserts
christmas puddings,Desserts,,Snacks and Desserts
desserts+dessert sauces,Desserts,,Snacks and Desserts
jellies,Desserts,,Snacks and Desserts
cakes+desserts - frozen,Desserts,,Snacks and Desserts
ice cream tubs+handheld mltpck,Desserts,,Snacks and Desserts
ice cream wafers,Desserts,,Snacks and Desserts
cous cous(dry),Dried Cereal Grains,,Cereals and Bread
dry pulses cereal & veg,Dried Cereal Grains,,Cereals and Bread
noodles - ambient,Dried Cereal Grains,,Cereals and Bread
pasta-canned,Dried Cereal Grains,,Cereals and Bread
pasta-dry,Dried Cereal Grains,,Cereals and Bread
pasta-fresh inc ndls (wout sc,Dried Cereal Grains,,Cereals and Bread
rice+savoury noodles,Dried Cereal Grains,,Cereals and Bread
savoury pasta,Dried Cereal Grains,,Cereals and Bread
Barley,Dried Cereal Grains,,Cereals and Bread
Chick peas,Dried Cereal Grains,,Cereals and Bread
Grain; mixed,Dried Cereal Grains,,Cereals and Bread
Lentils,Dried Cereal Grains,,Cereals and Bread
Maize,Dried Cereal Grains,,Cereals and Bread
Oats,Dried Cereal Grains,,Cereals and Bread
Pulses nes,Dried Cereal Grains,,Cereals and Bread
Quinoa,Dried Cereal Grains,,Cereals and Bread
Rice; paddy,Dried Cereal Grains,,Cereals and Bread
Soybeans,Dried Cereal Grains,,Cereals and Bread
Wheat,Dried Cereal Grains,,Cereals and Bread
eggs,Eggs,,"Dairy, Eggs, Meat and Plant-based Alternatives"
Eggs; hen; in shell,Eggs,,"Dairy, Eggs, Meat and Plant-based Alternatives"
Eggs; other bird; in shell,Eggs,,"Dairy, Eggs, Meat and Plant-based Alternatives"
fish - fresh prcsd cmplt mls,Fish & Seafood,,"Dairy, Eggs, Meat and Plant-based Alternatives"
fish - fresh prcsd ctd/snacks,Fish & Seafood,,"Dairy, Eggs, Meat and Plant-based Alternatives"
fish - fresh prcsd ml accmp,Fish & Seafood,,"Dairy, Eggs, Meat and Plant-based Alternatives"
fish - fresh wet/smoked/shell,Fish & Seafood,,"Dairy, Eggs, Meat and Plant-based Alternatives"
fish - frozen complete meals,Fish & Seafood,,"Dairy, Eggs, Meat and Plant-based Alternatives"
fish - frozen ctd/ntrl/spclty,Fish & Seafood,,"Dairy, Eggs, Meat and Plant-based Alternatives"
fish - frozen meal accomps,Fish & Seafood,,"Dairy, Eggs, Meat and Plant-based Alternatives"
fish - frozen snacks,Fish & Seafood,,"Dairy, Eggs, Meat and Plant-based Alternatives"
fish food,Fish & Seafood,,"Dairy, Eggs, Meat and Plant-based Alternatives"
fish-jar(inc.seafood/shellfsh),Fish & Seafood,,"Dairy, Eggs, Meat and Plant-based Alternatives"
Crustaceans,Fish & Seafood,,"Dairy, Eggs, Meat and Plant-based Alternatives"
Fish,Fish & Seafood,,"Dairy, Eggs, Meat and Plant-based Alternatives"
canned fish,Fish & Seafood,,"Dairy, Eggs, Meat and Plant-based Alternatives"
soft drinks-cola bottles,Fizzy Drinks,,Beverage
soft drinks-cola canned,Fizzy Drinks,,Beverage
soft drinks-crbntd flvrs bttls,Fizzy Drinks,,Beverage
soft drinks-crbntd flvrs cnnd,Fizzy Drinks,,Beverage
soft drinks-mineral water,Fizzy Drinks,,Beverage
ambient fruit,Fruit,Mixed Fruit,"Fruits, Vegetables and Nuts"
fruit - apples,Fruit,Apples,"Fruits, Vegetables and Nuts"
fruit - bananas,Fruit,Bananas,"Fruits, Vegetables and Nuts"
fruit - grapes,Fruit,Grapes,"Fruits, Vegetables and Nuts"
fruit - kiwis,Fruit,Kiwi,"Fruits, Vegetables and Nuts"
fruit - melons,Fruit,Melons,"Fruits, Vegetables and Nuts"
fruit - nectarines,Fruit,Citrus Fruits,"Fruits, Vegetables and Nuts"
fruit - oranges,Fruit,Citrus Fruits,"Fruits, Vegetables and Nuts"
fruit - peaches,Fruit,"Peaches, Nectarines and Apricots","Fruits, Vegetables and Nuts"
fruit - pears,Fruit,Pears and Quinces,"Fruits, Vegetables and Nuts"
fruit - plums,Fruit,Plums and Cherries,"Fruits, Vegetables and Nuts"
fruit - soft fruit,Fruit,Mixed Fruit,"Fruits, Vegetables and Nuts"
fruit - strawberries,Fruit,Berries,"Fruits, Vegetables and Nuts"
fruit - tropical fruit,Fruit,Tropical Fruit,"Fruits, Vegetables and Nuts"
fruit -grapefruit/lemons/limes,Fruit,Citrus Fruits,"Fruits, Vegetables and Nuts"
prepared chilled fruit,Fruit,Mixed Fruit,"Fruits, Vegetables and Nuts"
Apples,Fruit,Apples,"Fruits, Vegetables and Nuts"
Apricots,Fruit,"Peaches, Nectarines and Apricots","Fruits, Vegetables and Nuts"
Avocados,Fruit,Avocados,"Fruits, Vegetables and Nuts"
Bananas,Fruit,Bananas,"Fruits, Vegetables and Nuts"
Berries nes,Fruit,Berries,"Fruits, Vegetables and Nuts"
Blueberries,Fruit,Berries,"Fruits, Vegetables and Nuts"
Cherries,Fruit,Plums and Cherries,"Fruits, Vegetables and Nuts"
Cherries; sour,Fruit,Plums and Cherries,"Fruits, Vegetables and Nuts"
Cranberries,Fruit,Berries,"Fruits, Vegetables and Nuts"
Dates,Fruit,"Dates, Persimmons and Figs","Fruits, Vegetables and Nuts"
Figs,Fruit,"Dates, Persimmons and Figs","Fruits, Vegetables and Nuts"
Fruit; fresh nes,Fruit,Mixed Fruit,"Fruits, Vegetables and Nuts"
Fruit; tropical fresh nes,Fruit,Tropical Fruit,"Fruits, Vegetables and Nuts"
Gooseberries,Fruit,Berries,"Fruits, Vegetables and Nuts"
Grapefruit (inc. pomelos),Fruit,Citrus Fruits,"Fruits, Vegetables and Nuts"
Grapes,Fruit,Grapes,"Fruits, Vegetables and Nuts"
Kiwi fruit,Fruit,Kiwi,"Fruits, Vegetables and Nuts"
Lemons and limes,Fruit,Citrus Fruits,"Fruits, Vegetables and Nuts"
Mangoes; mangosteens; guavas,Fruit,Mangos and Guava,"Fruits, Vegetables and Nuts"
Melons; other (inc.cantaloupes),Fruit,Melons,"Fruits, Vegetables and Nuts"
Oranges,Fruit,Citrus Fruits,"Fruits, Vegetables and Nuts"
Papayas,Fruit,Tropical Fruit,"Fruits, Vegetables and Nuts"
Peaches and nectarines,Fruit,"Peaches, Nectarines and Apricots","Fruits, Vegetables and Nuts"
Pears,Fruit,Pears and Quinces,"Fruits, Vegetables and Nuts"
Persimmons,Fruit,"Dates, Persimmons and Figs","Fruits, Vegetables and Nuts"
Pineapples,Fruit,Pineapples,"Fruits, Vegetables and Nuts"
Plantains and others,Fruit,Bananas,"Fruits, Vegetables and Nuts"
Plums and sloes,Fruit,Plums and Cherries,"Fruits, Vegetables and Nuts"
Quinces,Fruit,Pears and Quinces,"Fruits, Vegetables and Nuts"
Raspberries,Fruit,Berries,"Fruits, Vegetables and Nuts"
Strawberries,Fruit,Berries,"Fruits, Vegetables and Nuts"
Tangerines; mandarins; clementines; satsumas,Fruit,Citrus Fruits,"Fruits, Vegetables and Nuts"
Watermelons,Fruit,Melons,"Fruits, Vegetables and Nuts"
dips - ambient,Fresh Salad & Dips,,"Fruits, Vegetables and Nuts"
dips - chilled,Fresh Salad & Dips,,"Fruits, Vegetables and Nuts"
prepared chilled layerd salads,Fresh Salad & Dips,,"Fruits, Vegetables and Nuts"
prepared salads,Fresh Salad & Dips,,"Fruits, Vegetables and Nuts"
salad dressing,Fresh Salad & Dips,,"Fruits, Vegetables and Nuts"
fruit juice & fruit drinks,Fruit juices and Squash,,Beverage
soft drinks-frt jce/drnks,Fruit juices and Squash,,Beverage
Water,Fruit juices and Squash,,Beverage
fruit squashes,Fruit juices and Squash,,Beverage
drinking choc+cocoa,Hot Chocolate,,Beverage
Cocoa; beans,Hot Chocolate,,Beverage
ambient hot meat/soya/veg prod,Meat Alternatives,,"Dairy, Eggs, Meat and Plant-based Alternatives"
meat-free sliced cooked meats,Meat Alternatives,,"Dairy, Eggs, Meat and Plant-based Alternatives"
quorn products exc frzn prscd,Meat Alternatives,,"Dairy, Eggs, Meat and Plant-based Alternatives"
vegetarian - frozen meat subs,Meat Alternatives,,"Dairy, Eggs, Meat and Plant-based Alternatives"
cream-dairy and non dairy,Milk and Cream,,"Dairy, Eggs, Meat and Plant-based Alternatives"
instant/skimmed/filled milk,Milk and Cream,,"Dairy, Eggs, Meat and Plant-based Alternatives"
mayonnaise and salad cream,Milk and Cream,,"Dairy, Eggs, Meat and Plant-based Alternatives"
milk - retail,Milk and Cream,,"Dairy, Eggs, Meat and Plant-based Alternatives"
milk creamers/whiteners,Milk and Cream,,"Dairy, Eggs, Meat and Plant-based Alternatives"
Milk; whole fresh cow,Milk and Cream,,"Dairy, Eggs, Meat and Plant-based Alternatives"
canned condensed milk,Milk and Cream,,"Dairy, Eggs, Meat and Plant-based Alternatives"
canned cream,Milk and Cream,,"Dairy, Eggs, Meat and Plant-based Alternatives"
yoghurt drinks and juices,Milkshakes and Yoghurt Drinks,,Beverage
milkshake mixes,Milkshakes and Yoghurt Drinks,,Beverage
soft drinks-mlkshks (rdy made),Milkshakes and Yoghurt Drinks,,Beverage
nuts & nut mixtures,"Nuts, Dried Fruit and Seeds",,"Fruits, Vegetables and Nuts"
nuts in shells,"Nuts, Dried Fruit and Seeds",,"Fruits, Vegetables and Nuts"
Almonds; with shell,"Nuts, Dried Fruit and Seeds",,"Fruits, Vegetables and Nuts"
Areca nuts,"Nuts, Dried Fruit and Seeds",,"Fruits, Vegetables and Nuts"
Brazil nuts; with shell,"Nuts, Dried Fruit and Seeds",,"Fruits, Vegetables and Nuts"
Cashew nuts; with shell,"Nuts, Dried Fruit and Seeds",,"Fruits, Vegetables and Nuts"
Chestnut,"Nuts, Dried Fruit and Seeds",,"Fruits, Vegetables and Nuts"
Coconuts,"Nuts, Dried Fruit and Seeds",,"Fruits, Vegetables and Nuts"
Currants,"Nuts, Dried Fruit and Seeds",,"Fruits, Vegetables and Nuts"
Groundnuts; with shell,"Nuts, Dried Fruit and Seeds",,"Fruits, Vegetables and Nuts"
Hazelnuts; with shell,"Nuts, Dried Fruit and Seeds",,"Fruits, Vegetables and Nuts"
Mustard seed,"Nuts, Dried Fruit and Seeds",,"Fruits, Vegetables and Nuts"
Nutmeg; mace and cardamoms,"Nuts, Dried Fruit and Seeds",,"Fruits, Vegetables and Nuts"
Nuts nes,"Nuts, Dried Fruit and Seeds",,"Fruits, Vegetables and Nuts"
Pistachios,"Nuts, Dried Fruit and Seeds",,"Fruits, Vegetables and Nuts"
Sesame seed,"Nuts, Dried Fruit and Seeds",,"Fruits, Vegetables and Nuts"
Sunflower seed,"Nuts, Dried Fruit and Seeds",,"Fruits, Vegetables and Nuts"
Walnuts; with shell,"Nuts, Dried Fruit and Seeds",,"Fruits, Vegetables and Nuts"
chutney & relish,Olives and Chutneys,,Snacks and Desserts
olives,Olives and Chutneys,,Snacks and Desserts
Olives,Olives and Chutneys,,Snacks and Desserts
breadsticks,Other Breads,,Cereals and Bread
crispbreads,Other Breads,,Cereals and Bread
crumpets pikelets & muffins,Other Breads,,Cereals and Bread
bread - pitta/naan,Other Breads,,Cereals and Bread
tortilla wraps,Other Breads,,Cereals and Bread
pizza - fresh+ambient,Pizza,,Prepared Foods
pizza - frozen,Pizza,,Prepared Foods
bacon - fresh+frozen,Pork,,"Dairy, Eggs, Meat and Plant-based Alternatives"
sausagemeat - fresh+frozen,Pork,,"Dairy, Eggs, Meat and Plant-based Alternatives"
sausages - fresh,Pork,,"Dairy, Eggs, Meat and Plant-based Alternatives"
sausages - frnkfrtr/cntntl ssg,Pork,,"Dairy, Eggs, Meat and Plant-based Alternatives"
sausages - frozen,Pork,,"Dairy, Eggs, Meat and Plant-based Alternatives"
sausages - loose,Pork,,"Dairy, Eggs, Meat and Plant-based Alternatives"
Meat; pig,Pork,,"Dairy, Eggs, Meat and Plant-based Alternatives"
canned ham,Pork,,"Dairy, Eggs, Meat and Plant-based Alternatives"
poultry - cooked primary,Poultry,,"Dairy, Eggs, Meat and Plant-based Alternatives"
poultry - fresh prcsd ckd/flv,Poultry,,"Dairy, Eggs, Meat and Plant-based Alternatives"
poultry - fresh prcsd cmplt ml,Poultry,,"Dairy, Eggs, Meat and Plant-based Alternatives"
poultry - fresh prcsd ctd/flv,Poultry,,"Dairy, Eggs, Meat and Plant-based Alternatives"
poultry - fresh prcsd ml accmp,Poultry,,"Dairy, Eggs, Meat and Plant-based Alternatives"
poultry - fresh prcsd unck/flv,Poultry,,"Dairy, Eggs, Meat and Plant-based Alternatives"
poultry - fresh primary,Poultry,,"Dairy, Eggs, Meat and Plant-based Alternatives"
poultry - frozen prcsd ckd/flv,Poultry,,"Dairy, Eggs, Meat and Plant-based Alternatives"
poultry - frozen prcsd ctd/flv,Poultry,,"Dairy, Eggs, Meat and Plant-based Alternatives"
poultry - frozen prcsd ml acmp,Poultry,,"Dairy, Eggs, Meat and Plant-based Alternatives"
poultry - frozen prcsd unck/fl,Poultry,,"Dairy, Eggs, Meat and Plant-based Alternatives"
poultry - frozen primary,Poultry,,"Dairy, Eggs, Meat and Plant-based Alternatives"
Meat; chicken,Poultry,,"Dairy, Eggs, Meat and Plant-based Alternatives"
Meat; duck,Poultry,,"Dairy, Eggs, Meat and Plant-based Alternatives"
Meat; goose and guinea fowl,Poultry,,"Dairy, Eggs, Meat and Plant-based Alternatives"
Meat; turkey,Poultry,,"Dairy, Eggs, Meat and Plant-based Alternatives"
meat - fresh prcsd ml accmp,Ready Meals,,Prepared Foods
meat - frozen prcsd ml accmp,Ready Meals,,Prepared Foods
taco dinner kits,Ready Meals,,Prepared Foods
complete dry meals,Ready Meals,,Prepared Foods
defined ambient meals,Ready Meals,,Prepared Foods
meat - fresh prcsd cmplt mls,Ready Meals,,Prepared Foods
meat - frozen prcsd cmplt mls,Ready Meals,,Prepared Foods
miscellaneous foods - frozen,Ready Meals,,Prepared Foods
slim aids+optimal health,Ready Meals,,Prepared Foods
slimming prds-meal replacement,Ready Meals,,Prepared Foods
meat+pastry products - loose,Ready Meals,,Prepared Foods
meat+pastry products - prpckd,Ready Meals,,Prepared Foods
baby foods-wet,Ready Meals,,Prepared Foods
indian & chinese products,Ready Meals,,Prepared Foods
Meat; cattle,Ruminant Meat,,"Dairy, Eggs, Meat and Plant-based Alternatives"
Meat; goat,Ruminant Meat,,"Dairy, Eggs, Meat and Plant-based Alternatives"
Meat; sheep,Ruminant Meat,,"Dairy, Eggs, Meat and Plant-based Alternatives"
cooked meat - loose pate,Sliced and Other Meats,,"Dairy, Eggs, Meat and Plant-based Alternatives"
cooked meat - slcd ham-loose,Sliced and Other Meats,,"Dairy, Eggs, Meat and Plant-based Alternatives"
cooked meat - slcd ham-prpckd,Sliced and Other Meats,,"Dairy, Eggs, Meat and Plant-based Alternatives"
cooked meat - slcd mt+plt-lse,Sliced and Other Meats,,"Dairy, Eggs, Meat and Plant-based Alternatives"
cooked meat - slcd mt+plt-ppkd,Sliced and Other Meats,,"Dairy, Eggs, Meat and Plant-based Alternatives"
cooked meat - whole ham joints,Sliced and Other Meats,,"Dairy, Eggs, Meat and Plant-based Alternatives"
black+white puddings+haggis,Sliced and Other Meats,,"Dairy, Eggs, Meat and Plant-based Alternatives"
meat - fresh prcsd snacks,Sliced and Other Meats,,"Dairy, Eggs, Meat and Plant-based Alternatives"
meat - fresh primary,Sliced and Other Meats,,"Dairy, Eggs, Meat and Plant-based Alternatives"
meat - frozen meat+pastry,Sliced and Other Meats,,"Dairy, Eggs, Meat and Plant-based Alternatives"
meat - frozen prcsd products,Sliced and Other Meats,,"Dairy, Eggs, Meat and Plant-based Alternatives"
meat - frozen primary,Sliced and Other Meats,,"Dairy, Eggs, Meat and Plant-based Alternatives"
white fats,Sliced and Other Meats,,"Dairy, Eggs, Meat and Plant-based Alternatives"
Meat nes,Sliced and Other Meats,,"Dairy, Eggs, Meat and Plant-based Alternatives"
Meat; horse,Sliced and Other Meats,,"Dairy, Eggs, Meat and Plant-based Alternatives"
Meat; rabbit,Sliced and Other Meats,,"Dairy, Eggs, Meat and Plant-based Alternatives"
tinned cold meats,Sliced and Other Meats,,"Dairy, Eggs, Meat and Plant-based Alternatives"
soup-dried,Soups,,Prepared Foods
soups-liquid,Soups,,Prepared Foods
stuffing - fresh+frozen,Cooking and Baking Ingredients,,Kitchen Accessories
stuffing-packet,Cooking and Baking Ingredients,,Kitchen Accessories
sugar,Sugar,,Kitchen Accessories
Sugar beet,Sugar,,Kitchen Accessories
Sugar cane,Sugar,,Kitchen Accessories
honey,Sweet and Savoury Spreads,,Kitchen Accessories
chocolate+sweet spreads,Sweet and Savoury Spreads,,Kitchen Accessories
jams & marmalades,Sweet and Savoury Spreads,,Kitchen Accessories
paste+spreads,Sweet and Savoury Spreads,,Kitchen Accessories
pate,Sweet and Savoury Spreads,,Kitchen Accessories
peanut butter,Sweet and Savoury Spreads,,Kitchen Accessories
sandwich fillers,Sweet and Savoury Spreads,,Kitchen Accessories
sandwich spread,Sweet and Savoury Spreads,,Kitchen Accessories
sugar conf-candy,Sweets,,Snacks and Desserts
sugar conf-candy mini,Sweets,,Snacks and Desserts
sugar conf-candy multi,Sweets,,Snacks and Desserts
sugar conf-fruits,Sweets,,Snacks and Desserts
sugar conf-fruits mini,Sweets,,Snacks and Desserts
sugar conf-fruits multi,Sweets,,Snacks and Desserts
sugar conf-liquorice allsorts,Sweets,,Snacks and Desserts
sugar conf-mints,Sweets,,Snacks and Desserts
sugar conf-toffees+fudge+eclrs,Sweets,,Snacks and Desserts
sweet & savoury mixes,Sweets,,Snacks and Desserts
cooking sauces and condiments,Table Sauces,,Kitchen Accessories
mustard,Table Sauces,,Kitchen Accessories
sauces-table & ketchups,Table Sauces,,Kitchen Accessories
sauces-worcester,Table Sauces,,Kitchen Accessories
tea-fruit & herbal bags,Tea,,Beverage
tea-standard,Tea,,Beverage
Tea,Tea,,Beverage
instant mashed potatoes,Potatoes,Potatoes,"Fruits, Vegetables and Nuts"
baked beans,Vegetables,Leguminous Vegetables,"Fruits, Vegetables and Nuts"
vegetables-canned peas & beans,Vegetables,Leguminous Vegetables,"Fruits, Vegetables and Nuts"
ambient vegetables-other veg,Vegetables,Mixed and Other Vegetables,"Fruits, Vegetables and Nuts"
ambient vegetables-sweetcorn,Vegetables,Maize,"Fruits, Vegetables and Nuts"
pickles-sour,Vegetables,Gourds,"Fruits, Vegetables and Nuts"
pickles-speciality,Vegetables,Gourds,"Fruits, Vegetables and Nuts"
prepared chilled vegetables,Vegetables,Mixed and Other Vegetables,"Fruits, Vegetables and Nuts"
veg - fresh prcsd cmplt mls,Vegetables,Mixed and Other Vegetables,"Fruits, Vegetables and Nuts"
veg - fresh prcsd ml accmp,Vegetables,Mixed and Other Vegetables,"Fruits, Vegetables and Nuts"
veg - fresh prcsd snacks,Vegetables,Mixed and Other Vegetables,"Fruits, Vegetables and Nuts"
veg - frozen chips+potato prds,Vegetables,Potatoes,"Fruits, Vegetables and Nuts"
veg - frozen veg meals,Vegetables,Mixed and Other Vegetables,"Fruits, Vegetables and Nuts"
veg - frozen vegetables,Vegetables,Mixed and Other Vegetables,"Fruits, Vegetables and Nuts"
vegetable in a jar,Vegetables,Mixed and Other Vegetables,"Fruits, Vegetables and Nuts"
vegetables - asparagus etc,Vegetables,Mixed and Other Vegetables,"Fruits, Vegetables and Nuts"
vegetables - beans etc,Vegetables,Leguminous Vegetables,"Fruits, Vegetables and Nuts"
vegetables - carrots,Root Vegetables,Carrots and Other Root Vegetables,"Fruits, Vegetables and Nuts"
vegetables - cucumber,Vegetables,Gourds,"Fruits, Vegetables and Nuts"
vegetables - lettuce,Vegetables,Lettuce and Artichokes,"Fruits, Vegetables and Nuts"
vegetables - mushrooms,Vegetables,Mushrooms,"Fruits, Vegetables and Nuts"
vegetables - onions,Vegetables,Alliaceous Vegetables,"Fruits, Vegetables and Nuts"
vegetables - peppers,Vegetables,Peppers and Chillies,"Fruits, Vegetables and Nuts"
vegetables - potatoes,Potatoes,Potatoes,"Fruits, Vegetables and Nuts"
vegetables - roots etc,Root Vegetables,Carrots and Other Root Vegetables,"Fruits, Vegetables and Nuts"
vegetables - tomatoes,Vegetables,Tomatoes,"Fruits, Vegetables and Nuts"
Anise; badian; fennel; coriander,Vegetables,Mixed and Other Vegetables,"Fruits, Vegetables and Nuts"
Artichokes,Vegetables,Lettuce and Artichokes,"Fruits, Vegetables and Nuts"
Asparagus,Vegetables,Asparagus,"Fruits, Vegetables and Nuts"
Beans; dry,Vegetables,Leguminous Vegetables,"Fruits, Vegetables and Nuts"
Beans; green,Vegetables,Leguminous Vegetables,"Fruits, Vegetables and Nuts"
Broad beans; horse beans; dry,Vegetables,Leguminous Vegetables,"Fruits, Vegetables and Nuts"
Cabbages and other brassicas,Vegetables,Brassicas,"Fruits, Vegetables and Nuts"
Carrots and turnips,Root Vegetables,Carrots and Other Root Vegetables,"Fruits, Vegetables and Nuts"
Cassava,Root Vegetables,Carrots and Other Root Vegetables,"Fruits, Vegetables and Nuts"
Cauliflowers and broccoli,Vegetables,Brassicas,"Fruits, Vegetables and Nuts"
Chillies and peppers; dry,Vegetables,Peppers and Chillies,"Fruits, Vegetables and Nuts"
Chillies and peppers; green,Vegetables,Peppers and Chillies,"Fruits, Vegetables and Nuts"
Cucumbers and gherkins,Vegetables,Gourds,"Fruits, Vegetables and Nuts"
Eggplants (aubergines),Vegetables,Aubergines,"Fruits, Vegetables and Nuts"
Garlic,Vegetables,Alliaceous Vegetables,"Fruits, Vegetables and Nuts"
Ginger,Root Vegetables,Carrots and Other Root Vegetables,"Fruits, Vegetables and Nuts"
Leeks; other alliaceous vegetables,Vegetables,Alliaceous Vegetables,"Fruits, Vegetables and Nuts"
Lettuce and chicory,Vegetables,Lettuce and Artichokes,"Fruits, Vegetables and Nuts"
Maize; green,Vegetables,Maize,"Fruits, Vegetables and Nuts"
Mushrooms and truffles,Vegetables,Mushrooms,"Fruits, Vegetables and Nuts"
Onions; dry,Vegetables,Alliaceous Vegetables,"Fruits, Vegetables and Nuts"
Onions; shallots; green,Vegetables,Alliaceous Vegetables,"Fruits, Vegetables and Nuts"
Peas; dry,Vegetables,Leguminous Vegetables,"Fruits, Vegetables and Nuts"
Peas; green,Vegetables,Leguminous Vegetables,"Fruits, Vegetables and Nuts"
Pepper (piper spp.),Cooking and Baking Ingredients,,Kitchen Accessories
Potatoes,Potatoes,Potatoes,"Fruits, Vegetables and Nuts"
Pumpkins; squash and gourds,Vegetables,Gourds,"Fruits, Vegetables and Nuts"
Spinach,Vegetables,Spinach,"Fruits, Vegetables and Nuts"
Tomatoes,Vegetables,Tomatoes,"Fruits, Vegetables and Nuts"
Vegetables; fresh nes,Vegetables,Mixed and Other Vegetables,"Fruits, Vegetables and Nuts"
Vegetables; leguminous nes,Vegetables,Leguminous Vegetables,"Fruits, Vegetables and Nuts"
yoghurt,Yoghurts,,"Dairy, Eggs, Meat and Plant-based Alternatives"
