,primary_tonnage,bd_opp_total_err,kgCO2_per_kg,exp_extinctions_per_kg,exp_extinctions_err_per_kg,scarcity_weighted_water_use_litres_per_kg
Almonds; with shell,22540.989999999998,0.0021159791791939726,-0.3292440409000119,2.1844455301107554e-10,9.387250423313141e-11,44.78029024585434
Anise; badian; fennel; coriander,15007.35,0.009856938947286127,10.235615198716589,1.12382513411618e-09,6.568074275129272e-10,32.6196690524443
Apples,1079455.9,0.004567655773960284,0.3783719857810964,2.0027114920269446e-11,4.2314426869687626e-12,19.547582933537445
Apricots,48417.17999999999,0.0006369620540940317,0.6001424402390018,8.535059333801674e-11,1.3155703287428797e-11,58.8020818055368
Areca nuts,185.38,0.00036032162013714767,0.8276709159951986,3.07136042153564e-09,1.9436919847726167e-09,18.925624809580324
Artichokes,265.0744746067487,2.2015460803879095e-05,0.6231816728880922,4.2535825927772466e-11,8.305386943250622e-11,50.2372779444486
Asparagus,22796.4542962212,0.0024701114431569565,0.5323387526712853,2.0249875920131383e-10,1.0835507184845007e-10,24.90233524711094
Avocados,113341.27,0.024050807293389022,1.3937333284680586,3.7294316913348464e-10,2.1219814541860192e-10,35.67041828544978
Bananas,915418.7100000002,0.14900873809411036,0.8800652390127132,2.490650911459947e-10,1.6277659224827327e-10,6.478425699249798
Barley,882078.5252520033,0.0016847129253412228,1.1110088028445377,6.468217639357798e-12,1.90993531427365e-12,5.201803269077803
Beans; dry,12812.807904396996,0.0030683071139746944,1.5807946045889707,3.999217660263308e-10,2.394718735244394e-10,20.03647787620614
Beans; green,32818.66624953295,0.001659893846630081,1.7128356563500295,1.486820090421764e-11,5.057773627999594e-11,9.295178088862045
Berries nes,27110.38,0.0015962142889825932,1.2491426622802844,5.886853281111831e-11,5.887834434569317e-11,26.40649694905789
Blueberries,17993.44,0.0011491531478363122,1.256352565762633,3.9828454765219866e-11,6.386511683348554e-11,56.65304042988445
Brazil nuts; with shell,4276.73,0.0041815153830803845,6.470211045680525,1.859837761437901e-09,9.777365845120885e-10,11.314481281212515
Broad beans; horse beans; dry,7358.642049452178,0.0009289549698576791,1.7216980953619005,1.872759605311856e-10,1.2623999966499746e-10,4.611867196850972
Cabbages and other brassicas,242755.98760870693,0.00020104485215574597,0.6257933755378754,2.3211075600728956e-12,8.281766976631933e-13,12.427992241329209
Carrots and turnips,923550.0185071062,0.00429031512105482,0.37389696019080026,2.945377251468252e-11,4.6454604895033185e-12,6.587367300395281
Cashew nuts; with shell,21835.09,0.05255326511344189,0.5970405117398366,3.4239446995014044e-09,2.4068261277348473e-09,11.877456622844239
Cauliflowers and broccoli,267755.1448814958,0.001976430871492889,0.6282942647723193,1.6188092076927608e-11,7.381486067681822e-12,27.638365796237654
Cherries,17748.71,0.0019302238553282097,0.7689766069078071,1.6678963435948412e-10,1.087529096665735e-10,61.03080360236885
Cherries; sour,333.83,2.357414901871816e-05,1.2677372719376834,9.737503369724793e-11,7.061722738734734e-11,22.009957827936375
Chestnut,1239.2100000000003,8.891475026823087e-05,0.5654574176454563,1.254862356866448e-10,7.17511561948587e-11,53.294877280928965
Chick peas,590.1062756955805,0.00011961307356609199,1.3990828378959212,3.3524816307873794e-10,2.0269751143571478e-10,43.51743435851989
Chillies and peppers; dry,15088.879999999997,0.0030813074178012044,0.6788500685612642,3.739794214200529e-10,2.0421047935971423e-10,34.71029074365361
Chillies and peppers; green,244003.3002693648,0.0025748576951415093,0.538029313659455,8.99478656872572e-12,1.055255274129089e-11,46.9117140954084
Cinnamon (cannella),2992.08,0.011728217484251676,11.869884044877228,8.748572686405006e-09,3.919753978587363e-09,25.77917032525868
Cocoa; beans,202617.09,0.5288590202417136,2.4274111303420707,4.737429539258057e-09,2.6101402415843285e-09,10.705355700461892
Coconuts,78657.7496187203,0.043588995003816744,0.6468790520731129,1.8681400333257004e-09,5.541602094530644e-10,12.07443935182059
Coffee; green,167927.28000000003,0.34692379199926443,16.61812483836936,5.2060077568389246e-09,2.065916818275532e-09,12.837912739132676
Cranberries,42436.19000000001,0.0033342442574676077,1.3953866749828507,9.476921971946985e-11,7.85707731412176e-11,54.0827381686221
Cucumbers and gherkins,222109.28274938263,0.0002030249422547471,0.5362056270284266,1.7521544216008678e-12,9.140767992296415e-13,35.1587850086572
Currants,13671.590000000002,0.00010376020071021114,1.22702882113147,7.658483813461603e-12,7.58947574570413e-12,6.623165118058688
Dates,24952.750000000004,0.001930625774838096,0.6102545280088119,8.55920291864719e-11,7.737126267998901e-11,54.66471214696976
Eggplants (aubergines),27809.742342676625,0.00010256148788121006,0.6299591453394704,7.971868974900659e-12,3.687969727206712e-12,49.60982457714012
Eggs; hen; in shell,807105.9600000001,0.00885730381369845,6.835547772862533,5.899725971776898e-11,1.0974152407074838e-11,18.43007402372715
Eggs; other bird; in shell,12001.82,0.00013666639795957894,6.422319988582762,4.977060230947066e-11,1.138713944714876e-11,18.96157077835773
Figs,18245.899999999998,0.001054730348287675,0.6426300418869146,9.430459129598804e-11,5.780643039190586e-11,57.20586169764715
Fruit; fresh nes,497713.11,0.16420006908814683,0.8129691762383233,3.825773976142065e-10,3.299090696810193e-10,42.50726198405885
Fruit; tropical fresh nes,7700.200000000001,0.004191293568525035,1.2592772191398884,7.53246859402743e-10,5.443097021538446e-10,29.469987366626835
Garlic,28074.846505307854,0.0002651694717486959,0.42615004912588755,3.113344631262544e-11,9.445090704184713e-12,63.259013093613056
Ginger,29722.850000000002,0.002805621982222987,11.626011100540545,1.2301819913943926e-10,9.43927645640639e-11,39.33107845022936
Gooseberries,2310.67,1.0780727479116576e-05,1.227110132347538,6.510467867958385e-12,4.665628358491942e-12,4.727668618798877
Grain; mixed,17740.278991415893,0.002002291246191691,1.3310467613449461,9.161692663325502e-11,1.1286695362347758e-10,6.708444606810999
Grapefruit (inc. pomelos),31016.74,0.00046834725850127543,0.2994744165974329,5.86438323226148e-11,1.509982217671088e-11,54.78882284287775
Grapes,1731014.14,0.04298881453431212,1.6412348228452776,8.075455756350237e-11,2.4834467576511027e-11,51.303009166273824
Groundnuts; with shell,135623.00999999998,0.00804311282667832,3.2261459245706607,1.5585733937473056e-10,5.930492787822893e-11,24.409570197411934
Hazelnuts; with shell,3169.31,0.0005145208568774771,1.1962863419430734,6.506026403326358e-10,1.623447554443955e-10,56.82011363476592
Kiwi fruit,30985.390000000003,0.0003467467350414938,0.982507095706374,4.346415475657625e-11,1.1190652595997461e-11,59.4091184732837
Leeks; other alliaceous vegetables,55882.17422199314,6.917147523195537e-05,0.4184423737123443,2.9364144440759713e-12,1.237809304934525e-12,11.526230003352257
Lemons and limes,148914.90000000002,0.006097315921393856,0.3599168349823828,8.154073217356452e-11,4.094496871296193e-11,48.65043433082115
Lentils,339.7131653695999,2.781942312428951e-05,1.5969507408551458,1.5127246783530383e-10,8.189091845770133e-11,20.09059783051532
Lettuce and chicory,309483.0982145121,0.0006843757499026099,0.6254038211816108,6.046009352443179e-12,2.211350971510077e-12,49.11794513822535
Maize,653225.4269110484,0.02235638817818306,0.6807795718786133,2.0247950719974225e-11,3.422461413344125e-11,16.005521896835155
Maize; green,200658.05221856665,0.006473555726208276,1.6627197008616632,4.593424562605905e-11,3.22616294468809e-11,32.21816450693571
Mangoes; mangosteens; guavas,83876.84,0.01695426407141547,1.29661757448243,3.9456246531003924e-10,2.0213284228894973e-10,25.312473670150187
Meat nes,,,,,,
Meat; cattle,1136532.8599999999,0.6610249900543502,40.48097346896953,1.2919381929246757e-09,5.816153789467648e-10,37.41987744246481
Meat; buffalo,5003.230000000001,0.012577486352996348,37.740536305464886,2.3424449744440424e-09,2.5138733084420154e-09,1.5889127958938523
Milk; whole fresh buffalo,,,,,,
Meat; chicken,2223495.39,0.13524800827991573,10.943049069015013,2.3059417066612203e-10,6.08267545272112e-11,38.37799780953599
Meat; duck,35519.93,0.0026206862506216156,10.689780535432197,1.2232576019710353e-10,7.378072678132011e-11,29.648849841907566
Meat; goat,827.6,0.003980445564921905,29.86288784214441,3.752763928922676e-09,4.809624897199015e-09,156.69060720379403
Meat; goose and guinea fowl,2752.98,7.36097343211151e-05,9.338615975306096,9.211176568620187e-11,2.67382016291855e-11,22.745526695014163
Meat; horse,5647.750000000001,0.0011634034359614318,35.08532930060681,2.5662395740617656e-10,2.0599414562638778e-10,28.530972398477065
Meat; pig,1623277.98,0.05060210895520877,11.91834194219275,1.403499289787297e-10,3.117279330999659e-11,46.42662433402763
Meat; rabbit,0,0,0,0,0,0
Meat; sheep,261145.68,0.22033163838604877,29.960487329240937,2.090185065087046e-09,8.437115957118217e-10,22.846704122895826
Meat; turkey,137017.99,0.005427083616096534,10.509081217452978,1.285383838028485e-10,3.9608547870951354e-11,32.800970835924936
Melons; other (inc.cantaloupes),144076.2005315499,0.011113225688871107,1.3833320640867022,1.232728486666225e-10,7.713436117742101e-11,25.485059286456885
Milk; whole fresh cow,17347121.200000003,0.1090402382795971,2.9765566101456735,2.7237310734867753e-11,6.2857829274633224e-12,10.07828934297316
Mushrooms and truffles,186685.63089551975,0.00013742359878327165,0.6230318263024962,2.684592932975906e-12,7.361230648768142e-13,4.328374643482252
Mustard seed,2931.1596573459487,0.00031420718467587544,1.1463727052661115,1.7477505929098328e-10,1.0719552034240873e-10,15.927384271285025
Nutmeg; mace and cardamoms,2000.11,0.010023255773066956,9.722034814087356,1.9074475854644195e-08,5.0113522621590595e-09,15.769439454679993
Nuts nes,25676.79,0.03207794505470256,1.5090764576580993,1.2808773735954775e-09,1.2492973247318905e-09,43.115568264417014
Oats,592484.4863920558,0.0016550710467214732,1.6293040732282944,1.1723339554257956e-11,2.7934419967686515e-12,4.556848611510499
Olives,253379.78,0.01257089195322773,6.038473569993939,1.143835263699173e-10,4.9612845797039254e-11,72.40900123014315
Onions; dry,663906.0000000001,0.0017658857754247138,0.420257473903516,3.4719522356772494e-12,2.6598430733036204e-12,21.107116059482063
Onions; shallots; green,19157.01916678139,0.00011672412369379242,0.4191032392501293,4.0502917270792125e-12,6.093021188609245e-12,7.341546743841024
Oranges,631070.5299999999,0.013974322830969148,0.34530788927184497,5.835083397940114e-11,2.2143836808492943e-11,43.71613479338119
Papayas,5303.44,8.402940633278082e-05,1.7144281190026525,4.210666211723742e-11,1.584432110720227e-11,3.3209780372550646
Peaches and nectarines,57842.909999999996,0.0008439851320258259,0.5926493917011565,4.641828245953028e-11,1.4590986726390945e-11,70.18351701135542
Pears,118516.47,0.000836044896228757,0.5800369676995665,3.037013775502455e-11,7.054250740245275e-12,16.52143363852805
Peas; dry,25275.90624098337,0.0003013141017469245,0.7821266099924399,1.565904562362488e-11,1.1921000927688269e-11,6.117373744007375
Peas; green,187171.7030243832,0.008369165764091756,0.7905220221229483,2.1130857437765992e-10,4.4713840975211356e-11,6.059963137318512
Pepper (piper spp.),13519.890000000001,0.016715171024136864,11.57441496248396,3.1048465535092734e-09,1.2363392767350075e-09,21.227328337479072
Persimmons,5223.219999999999,0.0005046473837683715,0.5568608093608648,1.8081456289547092e-10,9.661614555166574e-11,73.04851647537345
Pineapples,167313.55000000005,0.01825067627669372,1.5177318821369994,1.7004087722748154e-10,1.0908068280598741e-10,4.52973765245612
Pistachios,5575.34,0.001253079442602125,-0.30291084294858706,2.5454205058458903e-10,2.2475390605812827e-10,38.127100425319355
Plantains and others,33369.23,0.020581197736456683,0.8891834247733043,7.10215213268071e-10,6.16771730616999e-10,6.359448247616141
Plums and sloes,76256.86,0.002307805956730921,1.0226000268830808,1.9074729885240928e-10,3.0263584898865766e-11,57.18157776288586
Potatoes,4899109.717743458,0.0017742677718384325,0.39784841205412125,9.470240853258768e-13,3.6216126481357204e-13,5.114614069229046
Pulses nes,3067.7611076918247,4.8016340287244606e-05,1.720272206185899,1.9968405738949286e-11,1.565191636560383e-11,4.701204264894094
Pumpkins; squash and gourds,83061.32313261977,0.004228085633916934,0.6420628418678297,8.215673681387965e-11,5.090318182346031e-11,61.06627654138833
Quinces,841.99,2.1823192739500142e-05,0.6230023489367322,3.9167918642644895e-11,2.5918588985023746e-11,59.112735208494165
Quinoa,820.0248722424662,0.0013886978055074218,1.1816276524687113,2.365074946598132e-09,1.693482542437822e-09,23.431153888916416
Rapeseed,539132.2633143001,0.019457415400476998,3.8188206688359365,6.721591243421278e-11,3.60902448702719e-11,14.894776631550332
Raspberries,51628.15999999999,0.0011070057817939485,1.3493785692141724,2.84311095386285e-11,2.144189879697337e-11,47.99029107706725
Rice; paddy,648955.4800000001,0.0432076715127907,3.6698619939690227,1.3519823520007026e-10,6.65803323099925e-11,35.63479051645113
Sesame seed,11681.989999999998,0.02599629260787148,1.624172874199833,2.8619892891988283e-09,2.2253308389984483e-09,23.911465813949512
Soybeans,,,,,,
Spices nes,23269.700000000004,0.008286019505909138,10.990544422839642,6.534930174154907e-10,3.5608621967232654e-10,36.744234988461386
Spinach,20040.267583195793,0.00014261264977049088,0.6245864347274022,1.318902837835496e-11,7.116304669009247e-12,60.50923780277971
Strawberries,177380.29,0.0004008467957329786,1.264535159668803,3.0373289913708617e-12,2.259815877699707e-12,28.54610523734796
Sunflower seed,240200.77949505692,0.0049095646442915706,1.316565328115816,4.020787048137171e-11,2.0439420116005926e-11,24.815269837043086
Tangerines; mandarins; clementines; satsumas,285327.05,0.006190321791818545,0.33196072669874055,6.100587247115187e-11,2.1695530766601153e-11,62.09321529281119
Tea,96658.46,0.027089947340620753,7.475286230304678,5.849971813580124e-10,2.8026462805863814e-10,16.890242131350945
Tomatoes,1773265.46,0.0017187766501939772,1.7604656806154664,3.5752015949989356e-12,9.69272051458092e-13,53.502343590242944
Vegetables; fresh nes,2059498.0898667504,0.04961379818398601,0.5747904626765241,5.313211824230023e-11,2.4090237533163247e-11,33.96571677566695
Vegetables; leguminous nes,2059498.0898667504,0.04961379818398601,0.5747904626765241,5.313211824230023e-11,2.4090237533163247e-11,33.96571677566695
Walnuts; with shell,11630.119999999999,0.0014556043818456385,0.8555504499479553,2.497617054707864e-10,1.251581567383345e-10,41.94421458500859
Watermelons,133993.31615220167,0.008259053308776113,1.113658625440295,8.859545852208448e-11,6.163780064518096e-11,42.357467751382586
Wheat,8410774.022487959,0.01237749183247747,2.002083736368455,6.454517820380799e-12,1.4716233962990401e-12,5.879683769077519
Sugar cane,3956748.122956312,0.17728365549286482,3.0192172697676254,3.6143254841236164e-11,4.480539321274919e-11,15.25477823620377
Oil palm fruit,2705857.9317602436,0.22822029178980116,7.48512621821229,1.976362955173537e-10,8.434304296284206e-11,22.65527260230353
Sugar beet,8345877.289201984,0.0021553718159686244,1.4488027529499676,4.561881267612007e-13,2.5825587188506535e-13,6.980940872313858
Cassava,13465.880000000001,0.0005257289113459045,1.391862969680086,9.589098276249406e-11,3.904155624035744e-11,21.672650948619765
Cheese,17347121.200000003,0.1090402382795971,2.9765566101456735,2.7237310734867753e-11,6.2857829274633224e-12,10.07828934297316
"Butter, Cream & Ghee",17347121.200000003,0.1090402382795971,2.9765566101456735,2.7237310734867753e-11,6.2857829274633224e-12,10.07828934297316
Water,0,0,0,0,0,0
Fish,0,0,0,0,0,0
Crustaceans,0,0,0,0,0,0
